"","predicate","N","response","bootsci_high","bootsci_low"
"1","above",27,0.19962962962963,0.302962962962963,0.112222222222222
"2","absolute",20,0.2315,0.3405,0.1345
"3","absurd",25,0.7128,0.794,0.6184
"4","abundant",15,0.543333333333333,0.692666666666667,0.390666666666667
"5","academic",21,0.280952380952381,0.385714285714286,0.187142857142857
"6","accurate",21,0.327619047619048,0.462869047619047,0.202857142857143
"7","actual",24,0.29625,0.397927083333333,0.203739583333333
"8","additional",19,0.439473684210526,0.558421052631579,0.325789473684211
"9","adequate",24,0.637083333333333,0.754583333333333,0.511666666666667
"10","administrative",26,0.249615384615385,0.347692307692308,0.160375
"11","adorable",17,0.905294117647059,0.950014705882353,0.842352941176471
"12","adult",20,0.338,0.4475,0.2315
"13","affluent",21,0.542857142857143,0.665738095238095,0.413809523809524
"14","affordable",19,0.852105263157895,0.902105263157895,0.800526315789474
"15","Afghan",41,0.180731707317073,0.262926829268293,0.108536585365854
"16","African",40,0.298,0.404,0.20024375
"17","aggressive",19,0.685789473684211,0.795263157894737,0.558947368421053
"18","agricultural",23,0.29,0.391304347826087,0.19304347826087
"19","alleged",25,0.474,0.6008,0.3476
"20","alternative",20,0.5255,0.626,0.4175
"21","amazing",18,0.813888888888889,0.877222222222222,0.742222222222222
"22","American",51,0.307058823529412,0.39,0.226274509803922
"23","amiable",19,0.570526315789474,0.690526315789474,0.440513157894737
"24","ancient",23,0.420434782608696,0.544347826086957,0.297391304347826
"25","annual",22,0.200909090909091,0.304545454545455,0.109090909090909
"26","another",15,0.355333333333333,0.517333333333333,0.201983333333333
"27","antique",24,0.435,0.54125,0.332916666666667
"28","appetizing",24,0.845,0.909177083333333,0.75875
"29","applicable",21,0.42952380952381,0.536190476190476,0.326190476190476
"30","appropriate",17,0.688235294117647,0.802352941176471,0.561764705882353
"31","Arabic",34,0.252941176470588,0.355588235294118,0.155580882352941
"32","Armenian",20,0.2395,0.3745,0.117
"33","armored",22,0.264090909090909,0.35775,0.179545454545455
"34","arrogant",24,0.685416666666667,0.788333333333333,0.56540625
"35","artificial",21,0.416666666666667,0.53047619047619,0.307142857142857
"36","Asian",40,0.2715,0.3645,0.18475
"37","asymmetrical",23,0.231739130434783,0.347391304347826,0.130434782608696
"38","athletic",22,0.479090909090909,0.597272727272727,0.367715909090909
"39","Australian",34,0.141176470588235,0.235588235294118,0.065
"40","authentic",26,0.625769230769231,0.716153846153846,0.532692307692308
"41","automatic",14,0.315,0.459285714285714,0.184982142857143
"42","available",25,0.3444,0.4516,0.2432
"43","average",12,0.586666666666667,0.721666666666667,0.44
"44","bad",26,0.72,0.801923076923077,0.626923076923077
"45","balanced",14,0.611428571428571,0.723571428571429,0.491410714285714
"46","Bangladeshi",20,0.168,0.2935,0.065
"47","basic",15,0.688,0.81,0.55865
"48","beautiful",24,0.8125,0.91,0.69375
"49","best",24,0.799583333333333,0.873333333333333,0.7175
"50","big",18,0.630555555555556,0.753333333333333,0.503888888888889
"51","biological",17,0.180588235294118,0.297661764705882,0.0811764705882353
"52","bipedal",22,0.248636363636364,0.379545454545455,0.129090909090909
"53","black",27,0.265185185185185,0.398527777777778,0.143703703703704
"54","bland",30,0.717666666666667,0.794333333333333,0.629
"55","blank",22,0.222727272727273,0.351363636363636,0.118181818181818
"56","bleary",21,0.59952380952381,0.685714285714286,0.511428571428571
"57","blind",26,0.251923076923077,0.352307692307692,0.160769230769231
"58","bloody",16,0.315625,0.42375,0.22125
"59","blue",21,0.336190476190476,0.473345238095238,0.20522619047619
"60","brave",28,0.68,0.737857142857143,0.62
"61","breathtaking",23,0.719130434782609,0.83304347826087,0.59
"62","brief",26,0.549230769230769,0.649230769230769,0.444230769230769
"63","bright",23,0.56,0.683478260869565,0.433032608695652
"64","brilliant",26,0.721923076923077,0.804230769230769,0.630375
"65","British",46,0.273913043478261,0.365217391304348,0.191298913043478
"66","brown",20,0.4055,0.5405,0.2725
"67","bulging",26,0.486923076923077,0.578461538461538,0.397692307692308
"68","burdensome",24,0.6925,0.768333333333333,0.605416666666667
"69","bushy",17,0.449411764705882,0.559411764705882,0.344117647058824
"70","busy",18,0.632777777777778,0.743347222222222,0.511666666666667
"71","calculated",21,0.395714285714286,0.519535714285714,0.277130952380952
"72","calm",21,0.696666666666667,0.771904761904762,0.618571428571429
"73","Canaanite",17,0.311176470588235,0.424117647058824,0.194705882352941
"74","Canadian",43,0.141627906976744,0.194418604651163,0.0944186046511628
"75","Caribbean",19,0.338421052631579,0.502631578947368,0.186315789473684
"76","casual",21,0.674285714285714,0.756190476190476,0.578095238095238
"77","Catholic",20,0.23,0.363,0.114
"78","central",24,0.446666666666667,0.537916666666667,0.357072916666667
"79","certain",19,0.487894736842105,0.626842105263158,0.350526315789474
"80","charming",17,0.832941176470588,0.891176470588235,0.772941176470588
"81","cheap",15,0.639333333333333,0.801333333333333,0.461333333333333
"82","chemical",17,0.305882352941176,0.453544117647059,0.172352941176471
"83","chief",17,0.384705882352941,0.524117647058824,0.248823529411765
"84","Chinese",34,0.267647058823529,0.385007352941176,0.159411764705882
"85","Christian",27,0.388148148148148,0.525185185185185,0.256666666666667
"86","chronic",24,0.322083333333333,0.40875,0.239583333333333
"87","circular",22,0.167272727272727,0.278636363636364,0.0736363636363636
"88","civic",24,0.402083333333333,0.49125,0.311666666666667
"89","civil",10,0.595,0.73,0.459
"90","classic",22,0.584545454545455,0.695,0.470909090909091
"91","classical",26,0.518076923076923,0.63,0.407692307692308
"92","clean",14,0.621428571428571,0.761428571428571,0.481428571428571
"93","clear",16,0.635,0.74625,0.518125
"94","close",28,0.5375,0.635357142857143,0.434285714285714
"95","coarse",17,0.384705882352941,0.497073529411765,0.276470588235294
"96","coastal",16,0.29875,0.464375,0.156234375
"97","cognitive",24,0.286666666666667,0.40084375,0.184989583333333
"98","coincidental",18,0.549444444444444,0.672777777777778,0.419444444444444
"99","cold",19,0.60421052631579,0.688947368421053,0.516842105263158
"100","collaborative",30,0.528333333333333,0.610333333333333,0.443666666666667
"101","collective",16,0.29375,0.38,0.211234375
"102","colonial",21,0.327142857142857,0.45,0.210952380952381
"103","comfortable",18,0.755,0.87,0.618333333333333
"104","comic",27,0.628148148148148,0.715185185185185,0.52962962962963
"105","commercial",23,0.332608695652174,0.433489130434782,0.233478260869565
"106","common",26,0.568846153846154,0.660769230769231,0.470384615384615
"107","commonplace",14,0.567857142857143,0.682857142857143,0.435
"108","communal",15,0.425333333333333,0.57735,0.278
"109","compact",17,0.510588235294118,0.646470588235294,0.371764705882353
"110","comparable",23,0.546086956521739,0.651304347826087,0.438260869565217
"111","competent",23,0.575652173913043,0.684793478260869,0.465217391304348
"112","complex",20,0.65,0.7455125,0.5525
"113","compound",16,0.34,0.4725,0.22
"114","confidential",22,0.400454545454545,0.519102272727272,0.285909090909091
"115","conscious",19,0.396315789473684,0.522631578947368,0.275263157894737
"116","considerable",25,0.7192,0.7896,0.64399
"117","constitutional",20,0.2465,0.3195,0.181
"118","continental",15,0.412,0.57,0.254
"119","continued",28,0.34,0.418928571428571,0.261428571428571
"120","conventional",24,0.629166666666667,0.70084375,0.5575
"121","conversational",12,0.525833333333333,0.680833333333333,0.364166666666667
"122","cool",23,0.62695652173913,0.754347826086956,0.491728260869565
"123","coral",20,0.2845,0.4065,0.1705
"124","corporate",25,0.2272,0.3332,0.1348
"125","correct",18,0.42,0.581666666666667,0.265
"126","corrupt",16,0.66875,0.7725,0.558125
"127","cortical",12,0.461666666666667,0.615,0.3075
"128","countless",12,0.493333333333333,0.678333333333333,0.314166666666667
"129","covert",17,0.534705882352941,0.645882352941176,0.426470588235294
"130","cozy",25,0.7016,0.7784,0.6172
"131","crappy",23,0.79,0.883913043478261,0.679989130434782
"132","creative",15,0.824666666666667,0.890666666666667,0.751333333333333
"133","critical",19,0.663157894736842,0.775263157894737,0.534736842105263
"134","Cuban",23,0.186521739130435,0.317826086956522,0.0825978260869565
"135","cuddly",18,0.700555555555555,0.776666666666667,0.625
"136","cultural",27,0.503703703703704,0.591111111111111,0.412222222222222
"137","curly",21,0.402380952380952,0.502857142857143,0.306666666666667
"138","current",22,0.466818181818182,0.577727272727273,0.352272727272727
"139","custom",14,0.496428571428571,0.631428571428571,0.358571428571429
"140","cute",24,0.855416666666667,0.921666666666667,0.762916666666667
"141","Czech",13,0.220769230769231,0.347692307692308,0.107692307692308
"142","daily",14,0.141428571428571,0.255017857142857,0.0521428571428571
"143","dangerous",24,0.649166666666667,0.737916666666667,0.552072916666667
"144","Danish",28,0.0967857142857143,0.149285714285714,0.0553571428571429
"145","dark",22,0.459545454545455,0.573193181818182,0.345454545454545
"146","daytime",16,0.16375,0.238125,0.095625
"147","dazzling",22,0.700454545454545,0.805454545454545,0.586352272727273
"148","dead",31,0.15,0.24258064516129,0.0761290322580645
"149","dear",20,0.699,0.8010125,0.587
"150","decent",25,0.7536,0.8392,0.6592
"151","decisive",16,0.4875,0.648765625,0.328125
"152","dedicated",9,0.608888888888889,0.694444444444444,0.516666666666667
"153","deep",21,0.489047619047619,0.614285714285714,0.361904761904762
"154","deliberate",24,0.554166666666667,0.653333333333333,0.443739583333333
"155","delicious",16,0.85375,0.94375,0.72
"156","democratic",22,0.454090909090909,0.570465909090909,0.345454545454545
"157","demographic",12,0.5525,0.754166666666667,0.339166666666667
"158","desperate",14,0.627142857142857,0.750714285714286,0.488571428571429
"159","detailed",20,0.487,0.6050125,0.3655
"160","different",21,0.56,0.69047619047619,0.424273809523809
"161","difficult",22,0.776363636363636,0.862727272727273,0.669545454545455
"162","digital",20,0.2225,0.3355,0.1245
"163","diligent",24,0.6175,0.710833333333333,0.517083333333333
"164","direct",16,0.389375,0.511875,0.271875
"165","dirty",19,0.685789473684211,0.777894736842105,0.58
"166","discount",21,0.556666666666667,0.672380952380952,0.429047619047619
"167","disgruntled",22,0.561363636363636,0.646363636363636,0.469090909090909
"168","disgusting",17,0.844705882352941,0.928235294117647,0.745279411764706
"169","distinguished",29,0.711724137931035,0.773103448275862,0.64448275862069
"170","dizzy",12,0.640833333333333,0.815,0.455
"171","domestic",21,0.268095238095238,0.359059523809524,0.180952380952381
"172","dominant",18,0.533888888888889,0.641666666666667,0.43
"173","double",33,0.2,0.280909090909091,0.128787878787879
"174","dry",30,0.397333333333333,0.5,0.301325
"175","dubious",23,0.655217391304348,0.733913043478261,0.572173913043478
"176","Dutch",23,0.309565217391304,0.44695652173913,0.182597826086957
"177","early",21,0.571428571428571,0.665714285714286,0.469511904761905
"178","eastern",23,0.175217391304348,0.27,0.0934782608695652
"179","easy",15,0.667333333333333,0.797333333333333,0.531333333333333
"180","ecological",24,0.31375,0.420010416666666,0.21625
"181","economic",20,0.3275,0.4735,0.193
"182","educational",19,0.576842105263158,0.683684210526316,0.468947368421053
"183","eerie",19,0.746842105263158,0.835802631578947,0.648421052631579
"184","efficient",26,0.565384615384615,0.658461538461538,0.466153846153846
"185","Egyptian",21,0.26047619047619,0.410952380952381,0.130952380952381
"186","elaborate",23,0.633478260869565,0.720434782608696,0.542173913043478
"187","elderly",26,0.428846153846154,0.538461538461538,0.320769230769231
"188","electoral",32,0.1925,0.2840703125,0.11375
"189","electric",18,0.242222222222222,0.393888888888889,0.113333333333333
"190","electrical",25,0.1676,0.25841,0.0916
"191","Elizabethan",17,0.351176470588235,0.505882352941176,0.201176470588235
"192","eminent",24,0.564583333333333,0.656666666666667,0.469166666666667
"193","empty",15,0.287333333333333,0.448,0.15
"194","english",26,0.272307692307692,0.387701923076923,0.165
"195","enjoyable",14,0.747142857142857,0.865,0.611428571428571
"196","enormous",21,0.683333333333333,0.796202380952381,0.553333333333333
"197","enough",11,0.750909090909091,0.832727272727273,0.665454545454546
"198","entire",31,0.285806451612903,0.393225806451613,0.188701612903226
"199","environmental",20,0.2925,0.4060125,0.192
"200","epistemic",13,0.426923076923077,0.580769230769231,0.273846153846154
"201","European",41,0.194634146341463,0.271463414634146,0.125121951219512
"202","exact",28,0.303928571428571,0.424294642857143,0.194991071428571
"203","excellent",19,0.725789473684211,0.825263157894737,0.607368421052632
"204","existing",21,0.411904761904762,0.560011904761905,0.267142857142857
"205","expensive",29,0.722758620689655,0.801379310344828,0.634818965517241
"206","experienced",14,0.477142857142857,0.605732142857143,0.345
"207","exquisite",21,0.776190476190476,0.84047619047619,0.71047619047619
"208","extensive",21,0.546190476190476,0.639047619047619,0.453321428571429
"209","extinct",27,0.278148148148148,0.417416666666666,0.151842592592593
"210","extra",20,0.6115,0.727,0.4875
"211","extraordinary",20,0.757,0.8485,0.646
"212","extreme",19,0.710526315789474,0.813157894736842,0.597368421052632
"213","fabulous",17,0.763529411764706,0.841764705882353,0.674117647058823
"214","fair",24,0.675,0.755,0.591666666666667
"215","fake",17,0.531176470588235,0.680588235294118,0.370588235294118
"216","false",23,0.38304347826087,0.520434782608696,0.25129347826087
"217","famous",17,0.694117647058824,0.793529411764706,0.584102941176471
"218","fanatic",13,0.591538461538462,0.706923076923077,0.453846153846154
"219","fancy",26,0.676153846153846,0.772307692307692,0.572692307692308
"220","fantastic",19,0.84421052631579,0.9,0.783684210526316
"221","fashioned",18,0.58,0.689444444444444,0.463333333333333
"222","fast",24,0.589166666666667,0.692510416666667,0.479166666666667
"223","fat",19,0.661052631578947,0.763684210526316,0.546315789473684
"224","fateful",26,0.575,0.670769230769231,0.473461538461538
"225","federal",16,0.2375,0.3925,0.103125
"226","fellow",23,0.540869565217391,0.63695652173913,0.442608695652174
"227","female",20,0.2725,0.414,0.145
"228","few",20,0.5275,0.6625,0.393
"229","final",24,0.281666666666667,0.39375,0.18125
"230","financial",17,0.336470588235294,0.493544117647059,0.195882352941176
"231","fine",24,0.727083333333333,0.80375,0.640833333333333
"232","fiscal",23,0.199565217391304,0.296521739130435,0.110434782608696
"233","fitted",24,0.5025,0.616260416666667,0.387083333333333
"234","fitting",19,0.714736842105263,0.777368421052632,0.648421052631579
"235","flashy",22,0.722272727272727,0.834545454545454,0.589545454545455
"236","flat",16,0.318125,0.470625,0.18125
"237","flavorful",20,0.73,0.8235,0.615
"238","fleeting",26,0.594230769230769,0.674230769230769,0.510769230769231
"239","fluid",21,0.355238095238095,0.467630952380952,0.25047619047619
"240","fluorescent",13,0.278461538461538,0.459230769230769,0.123076923076923
"241","fond",21,0.672857142857143,0.765714285714286,0.577619047619048
"242","forceful",17,0.655294117647059,0.755294117647059,0.544705882352941
"243","foreign",26,0.426923076923077,0.546153846153846,0.307692307692308
"244","formal",16,0.5875,0.72,0.445625
"245","former",28,0.262857142857143,0.365357142857143,0.171785714285714
"246","free",24,0.455,0.555,0.355416666666667
"247","French",25,0.1748,0.2748,0.094
"248","fresh",27,0.502962962962963,0.608527777777778,0.395546296296296
"249","friendly",19,0.653684210526316,0.754736842105263,0.54578947368421
"250","front",24,0.222916666666667,0.324166666666667,0.130833333333333
"251","full",18,0.412777777777778,0.537791666666667,0.285541666666667
"252","fun",31,0.77741935483871,0.851612903225806,0.691927419354839
"253","functional",21,0.488095238095238,0.629523809523809,0.35
"254","fundamental",17,0.513529411764706,0.638235294117647,0.391176470588235
"255","fundamentalist",18,0.427777777777778,0.538333333333333,0.318888888888889
"256","funny",23,0.789130434782609,0.878695652173913,0.680869565217391
"257","furry",19,0.45,0.576315789473684,0.327894736842105
"258","further",20,0.581,0.6915125,0.4714875
"259","future",19,0.448947368421053,0.598421052631579,0.297368421052632
"260","gay",20,0.3945,0.523,0.2684875
"261","genetic",20,0.2905,0.4055,0.1855
"262","gentle",13,0.651538461538462,0.774615384615385,0.520769230769231
"263","genuine",20,0.5565,0.6535,0.4595
"264","geometric",21,0.0990476190476191,0.168095238095238,0.0476071428571429
"265","German",18,0.183333333333333,0.315569444444444,0.0777638888888889
"266","global",18,0.38,0.517777777777778,0.247777777777778
"267","glowing",22,0.522272727272727,0.654545454545455,0.391818181818182
"268","golden",19,0.463684210526316,0.585263157894737,0.339473684210526
"269","good",14,0.786428571428571,0.875,0.692857142857143
"270","grand",16,0.694375,0.8,0.574375
"271","graphic",15,0.638666666666667,0.757333333333333,0.503333333333333
"272","greasy",31,0.544838709677419,0.652903225806452,0.434838709677419
"273","great",26,0.651153846153846,0.744615384615385,0.550384615384615
"274","Greek",19,0.194736842105263,0.29,0.113684210526316
"275","green",21,0.323809523809524,0.451904761904762,0.205714285714286
"276","greenish",26,0.559615384615385,0.656163461538461,0.463846153846154
"277","grey",23,0.355217391304348,0.497836956521739,0.217391304347826
"278","gross",16,0.85125,0.91375,0.784375
"279","half",24,0.282916666666667,0.40625,0.168322916666667
"280","handsome",23,0.920869565217391,0.959130434782609,0.878260869565217
"281","happy",26,0.844615384615385,0.898076923076923,0.784230769230769
"282","hard",21,0.433809523809524,0.565238095238095,0.3
"283","harmful",28,0.560357142857143,0.647866071428571,0.473919642857143
"284","hazardous",21,0.454285714285714,0.55572619047619,0.350952380952381
"285","heavy",14,0.601428571428571,0.743571428571429,0.449285714285714
"286","hectic",29,0.63,0.724137931034483,0.529310344827586
"287","hidden",17,0.442352941176471,0.598823529411765,0.292352941176471
"288","high",22,0.423636363636364,0.546818181818182,0.301818181818182
"289","higher",17,0.391764705882353,0.517058823529412,0.264705882352941
"290","historical",27,0.273333333333333,0.38037037037037,0.17962962962963
"291","holy",16,0.74,0.82875,0.65125
"292","honest",21,0.532857142857143,0.69047619047619,0.370952380952381
"293","honorable",24,0.655416666666667,0.73125,0.5775
"294","hopeless",20,0.7535,0.8005,0.707
"295","horizontal",22,0.328636363636364,0.458636363636364,0.203636363636364
"296","hormonal",25,0.4844,0.60841,0.36079
"297","horrendous",20,0.775,0.871,0.666
"298","horrible",22,0.688636363636364,0.807727272727273,0.555454545454545
"299","hostile",23,0.546521739130435,0.639130434782609,0.454782608695652
"300","hot",22,0.640909090909091,0.744545454545455,0.534090909090909
"301","huge",28,0.685,0.757142857142857,0.608214285714286
"302","human",19,0.182105263157895,0.291052631578947,0.09525
"303","ideological",23,0.491304347826087,0.615652173913043,0.367391304347826
"304","immediate",23,0.397826086956522,0.510880434782609,0.283478260869565
"305","immense",18,0.708333333333333,0.782777777777778,0.632222222222222
"306","imminent",32,0.350625,0.4353125,0.27
"307","important",18,0.648333333333333,0.753888888888889,0.537222222222222
"308","imposing",28,0.682857142857143,0.761785714285714,0.594642857142857
"309","inaugural",16,0.103125,0.15375,0.05625
"310","increased",21,0.374285714285714,0.513809523809524,0.24
"311","Indian",36,0.365833333333333,0.475833333333333,0.2594375
"312","indigenous",12,0.315833333333333,0.455854166666666,0.1858125
"313","indoor",17,0.151764705882353,0.257058823529412,0.0699852941176471
"314","industrial",21,0.27,0.338095238095238,0.200952380952381
"315","informed",18,0.549444444444444,0.656666666666667,0.443333333333333
"316","inner",21,0.262380952380952,0.365238095238095,0.167619047619048
"317","innocent",23,0.655652173913044,0.748695652173913,0.550434782608696
"318","innovative",18,0.574444444444444,0.690555555555556,0.449444444444444
"319","inside",20,0.23,0.3405,0.128
"320","inspiring",28,0.637857142857143,0.726785714285714,0.542857142857143
"321","instant",19,0.427368421052632,0.533157894736842,0.323684210526316
"322","insufficient",18,0.615,0.719458333333333,0.496666666666667
"323","insulting",17,0.691176470588235,0.801764705882353,0.573514705882353
"324","integral",22,0.493636363636364,0.596363636363636,0.390454545454545
"325","integrated",18,0.387222222222222,0.515555555555556,0.258333333333333
"326","intelligent",16,0.645625,0.763125,0.523109375
"327","intense",21,0.731904761904762,0.808571428571429,0.65
"328","interesting",23,0.733478260869565,0.859565217391304,0.592608695652174
"329","interim",20,0.289,0.3885125,0.1925
"330","interior",19,0.245263157894737,0.358421052631579,0.148421052631579
"331","internal",18,0.318333333333333,0.432777777777778,0.21
"332","international",23,0.18304347826087,0.260869565217391,0.115217391304348
"333","intractable",25,0.4528,0.5636,0.34119
"334","Iranian",17,0.139411764705882,0.271176470588235,0.0411764705882353
"335","Iraqi",19,0.201052631578947,0.356842105263158,0.0710526315789474
"336","irate",24,0.62375,0.701677083333333,0.53915625
"337","ironic",16,0.67875,0.809390625,0.536875
"338","Islamic",24,0.245416666666667,0.356260416666667,0.15
"339","Israeli",20,0.367,0.5495,0.1955
"340","Italian",38,0.242894736842105,0.322894736842105,0.168157894736842
"341","Jamaican",23,0.187391304347826,0.299141304347826,0.0917391304347826
"342","Japanese",16,0.24375,0.40875,0.105625
"343","Jewish",16,0.215625,0.319375,0.123125
"344","judicial",13,0.343846153846154,0.48,0.213846153846154
"345","key",18,0.481666666666667,0.607222222222222,0.357777777777778
"346","kindly",20,0.6745,0.7825,0.5569875
"347","Korean",17,0.115294117647059,0.225294117647059,0.0311764705882353
"348","large",18,0.664444444444444,0.791666666666667,0.521111111111111
"349","last",16,0.36,0.541265625,0.194375
"350","lasting",17,0.520588235294118,0.651764705882353,0.384705882352941
"351","latin",16,0.168125,0.245625,0.094375
"352","lazy",26,0.722307692307692,0.800769230769231,0.633076923076923
"353","Lebanese",27,0.205925925925926,0.324814814814815,0.102592592592593
"354","legal",27,0.23037037037037,0.332222222222222,0.141111111111111
"355","legislative",28,0.329285714285714,0.419285714285714,0.2435625
"356","legit",16,0.56625,0.6975,0.425
"357","level",29,0.345172413793103,0.438620689655172,0.255508620689655
"358","lexical",15,0.304,0.438666666666667,0.182666666666667
"359","liberal",25,0.684,0.7748,0.5824
"360","lifelong",13,0.283846153846154,0.452307692307692,0.135365384615385
"361","light",21,0.535238095238095,0.64,0.426666666666667
"362","limited",18,0.646111111111111,0.738333333333333,0.541666666666667
"363","linguistic",27,0.337037037037037,0.442592592592593,0.237777777777778
"364","literary",27,0.410740740740741,0.5,0.322222222222222
"365","little",29,0.614827586206897,0.695172413793103,0.53
"366","live",19,0.248947368421053,0.391052631578947,0.128947368421053
"367","local",21,0.384285714285714,0.491904761904762,0.278571428571429
"368","logical",22,0.582272727272727,0.702272727272727,0.458636363636364
"369","lone",20,0.339,0.472,0.217
"370","lonely",19,0.627368421052632,0.730013157894737,0.515789473684211
"371","long",16,0.751875,0.82625,0.668109375
"372","loud",19,0.67578947368421,0.775263157894737,0.563684210526316
"373","lovely",21,0.707619047619048,0.808571428571429,0.588571428571429
"374","loving",14,0.687142857142857,0.805714285714286,0.550696428571429
"375","low",23,0.526086956521739,0.636086956521739,0.412608695652174
"376","lucky",20,0.7545,0.8265125,0.677
"377","Macedonian",15,0.254666666666667,0.41735,0.112666666666667
"378","magnetic",15,0.404,0.542666666666667,0.264666666666667
"379","main",12,0.483333333333333,0.5875,0.364166666666667
"380","major",21,0.621428571428571,0.724761904761905,0.505714285714286
"381","Malaysian",13,0.0938461538461538,0.176153846153846,0.03
"382","male",29,0.210344827586207,0.319655172413793,0.113793103448276
"383","mandatory",19,0.250526315789474,0.381578947368421,0.135263157894737
"384","manned",26,0.282307692307692,0.378846153846154,0.189990384615385
"385","many",27,0.60962962962963,0.707407407407407,0.504814814814815
"386","maritime",26,0.17,0.265384615384615,0.0876923076923077
"387","marvelous",20,0.721,0.8235,0.6065
"388","mass",20,0.2665,0.3795,0.1569875
"389","massive",22,0.685,0.763636363636364,0.604090909090909
"390","maternal",23,0.564782608695652,0.676521739130435,0.445217391304348
"391","mathematical",18,0.218888888888889,0.327791666666666,0.123888888888889
"392","mechanical",25,0.3152,0.4232,0.2144
"393","medical",26,0.242692307692308,0.340394230769231,0.152307692307692
"394","Mediterranean",22,0.225,0.345011363636363,0.118625
"395","mental",24,0.545833333333333,0.648333333333333,0.4375
"396","mere",17,0.650588235294118,0.712941176470588,0.587058823529412
"397","metallic",22,0.248181818181818,0.328636363636364,0.174090909090909
"398","methodological",26,0.363076923076923,0.474615384615385,0.251913461538462
"399","metrical",18,0.371111111111111,0.522777777777778,0.225555555555556
"400","metropolitan",25,0.3224,0.43081,0.2192
"401","Mexican",21,0.176666666666667,0.30047619047619,0.0747619047619048
"402","mighty",24,0.663333333333333,0.745416666666667,0.567916666666667
"403","militant",17,0.487058823529412,0.616470588235294,0.358823529411765
"404","military",21,0.157142857142857,0.26525,0.0742857142857143
"405","minor",20,0.56,0.6815,0.4364875
"406","miserable",17,0.695882352941177,0.79,0.594117647058824
"407","mobile",16,0.30625,0.443765625,0.174984375
"408","modern",24,0.51625,0.609583333333333,0.42040625
"409","molecular",26,0.277307692307692,0.404625,0.16
"410","monetary",17,0.215294117647059,0.325882352941176,0.128235294117647
"411","monthly",19,0.103157894736842,0.186315789473684,0.0373684210526316
"412","moral",26,0.702692307692308,0.811923076923077,0.578846153846154
"413","morphological",26,0.325,0.425,0.224615384615385
"414","Moslem",46,0.3,0.37304347826087,0.230217391304348
"415","mountainous",24,0.37,0.482083333333333,0.262083333333333
"416","multiple",25,0.25,0.37041,0.1388
"417","municipal",25,0.3256,0.4316,0.228
"418","murderous",21,0.520952380952381,0.629047619047619,0.417130952380952
"419","musical",25,0.4428,0.562,0.3252
"420","Muslim",51,0.192352941176471,0.266666666666667,0.124117647058824
"421","mythical",25,0.4836,0.5848,0.3812
"422","narrow",20,0.43,0.5485,0.3229875
"423","nasty",31,0.805483870967742,0.870645161290323,0.72741935483871
"424","national",20,0.308,0.4365125,0.1925
"425","natural",12,0.5025,0.620833333333333,0.373333333333333
"426","naval",16,0.2,0.294375,0.112484375
"427","near",20,0.591,0.7105,0.4634875
"428","nearby",22,0.551363636363636,0.674545454545455,0.42
"429","necessary",19,0.638421052631579,0.760526315789474,0.505789473684211
"430","negative",31,0.635806451612903,0.714201612903226,0.547096774193548
"431","neoclassical",17,0.392941176470588,0.513529411764706,0.276470588235294
"432","neurological",19,0.408421052631579,0.548947368421053,0.269986842105263
"433","new",24,0.451666666666667,0.568354166666666,0.337489583333333
"434","next",23,0.277391304347826,0.387402173913043,0.175641304347826
"435","nice",16,0.736875,0.844375,0.616859375
"436","nineteenth",25,0.2264,0.3408,0.1224
"437","noble",26,0.680384615384615,0.758471153846154,0.599230769230769
"438","noisy",21,0.675714285714286,0.771428571428571,0.568571428571429
"439","normal",25,0.7308,0.81921,0.6308
"440","northeastern",17,0.297647058823529,0.457647058823529,0.154102941176471
"441","northern",16,0.37375,0.52125,0.236875
"442","notable",31,0.651290322580645,0.730645161290323,0.570314516129032
"443","nuclear",19,0.284210526315789,0.410013157894737,0.168947368421053
"444","numerous",18,0.562777777777778,0.699444444444444,0.425555555555556
"445","nutritional",11,0.221818181818182,0.364545454545455,0.102727272727273
"446","offensive",21,0.788571428571429,0.871428571428571,0.693809523809524
"447","official",25,0.3452,0.45241,0.2476
"448","oily",23,0.403913043478261,0.540434782608696,0.273478260869565
"449","old",22,0.569090909090909,0.675,0.467272727272727
"450","olympic",23,0.388695652173913,0.503913043478261,0.27304347826087
"451","online",10,0.306,0.534,0.105975
"452","only",19,0.243157894736842,0.352631578947368,0.138947368421053
"453","open",23,0.489130434782609,0.613489130434782,0.363478260869565
"454","optical",20,0.1945,0.3005125,0.1055
"455","orange",20,0.1775,0.2725,0.0919875
"456","ordinary",28,0.701071428571429,0.767857142857143,0.629642857142857
"457","organized",25,0.5324,0.63401,0.4308
"458","original",14,0.689285714285714,0.791428571428571,0.582857142857143
"459","orthographic",25,0.228,0.3216,0.1468
"460","other",21,0.586666666666667,0.70572619047619,0.467142857142857
"461","out",23,0.294347826086957,0.407391304347826,0.190869565217391
"462","outer",20,0.3545,0.439,0.2705
"463","outstanding",20,0.7625,0.8315,0.6785
"464","overall",16,0.31875,0.437515625,0.21
"465","own",26,0.431153846153846,0.55,0.318076923076923
"466","Pachomian",23,0.423478260869565,0.523478260869565,0.32304347826087
"467","painful",24,0.740416666666667,0.839166666666667,0.627083333333333
"468","Pakistani",22,0.180454545454545,0.301818181818182,0.0790909090909091
"469","Palestinian",20,0.1925,0.2935,0.102
"470","Parisian",27,0.216666666666667,0.314814814814815,0.128518518518519
"471","parliamentary",25,0.264,0.3684,0.1724
"472","parochial",21,0.492857142857143,0.617619047619048,0.377142857142857
"473","part",26,0.413461538461538,0.537701923076923,0.293846153846154
"474","particular",24,0.515416666666667,0.62625,0.40040625
"475","Pashtun",25,0.3744,0.47521,0.2772
"476","past",18,0.381666666666667,0.545,0.229444444444444
"477","periodic",16,0.40625,0.55375,0.259359375
"478","permanent",17,0.292941176470588,0.415897058823529,0.180588235294118
"479","permissive",28,0.6625,0.7475,0.577857142857143
"480","persistent",23,0.573478260869565,0.66304347826087,0.477391304347826
"481","personal",25,0.654,0.7528,0.5468
"482","pertinent",15,0.524,0.658,0.385333333333333
"483","phenomenal",9,0.588888888888889,0.792222222222222,0.37
"484","physical",15,0.284666666666667,0.462016666666666,0.129333333333333
"485","pink",16,0.334375,0.535625,0.156234375
"486","plain",20,0.661,0.7635125,0.5485
"487","planetary",20,0.2645,0.399,0.144
"488","plastic",14,0.225,0.346428571428571,0.123571428571429
"489","pleasant",25,0.794,0.8456,0.7368
"490","plenary",23,0.498260869565217,0.607826086956522,0.387391304347826
"491","poetic",16,0.550625,0.665,0.428125
"492","polished",17,0.388823529411765,0.507058823529412,0.275279411764706
"493","political",25,0.51,0.6236,0.3988
"494","polygamous",16,0.27375,0.403125,0.155625
"495","poor",20,0.6685,0.7620125,0.558
"496","popular",29,0.710689655172414,0.799310344827586,0.61551724137931
"497","populist",24,0.457083333333333,0.540833333333333,0.369583333333333
"498","positive",19,0.716315789473684,0.803157894736842,0.613144736842105
"499","possible",27,0.601111111111111,0.71037037037037,0.487777777777778
"500","potent",26,0.546538461538462,0.646153846153846,0.445384615384615
"501","potential",16,0.501875,0.646875,0.353125
"502","practical",12,0.496666666666667,0.650833333333333,0.338333333333333
"503","pragmatic",18,0.669444444444444,0.759444444444444,0.581097222222222
"504","precise",22,0.405454545454545,0.536829545454545,0.282727272727273
"505","prehistoric",21,0.271428571428571,0.37572619047619,0.176190476190476
"506","preposterous",16,0.68625,0.7925,0.564375
"507","present",22,0.319545454545455,0.423181818181818,0.216363636363636
"508","presidential",20,0.405,0.5530125,0.256
"509","pretty",26,0.745384615384615,0.838461538461538,0.647307692307692
"510","prime",25,0.4216,0.5112,0.33
"511","private",22,0.501363636363636,0.615,0.385
"512","privileged",24,0.652083333333333,0.73875,0.565833333333333
"513","probable",27,0.581111111111111,0.684074074074074,0.472962962962963
"514","professional",23,0.530434782608696,0.656086956521739,0.403913043478261
"515","profound",16,0.735,0.816875,0.645
"516","prominent",17,0.612352941176471,0.741176470588235,0.485279411764706
"517","promising",20,0.755,0.8195,0.6789875
"518","proper",22,0.684090909090909,0.773181818181818,0.587727272727273
"519","prosperous",21,0.571904761904762,0.67047619047619,0.466190476190476
"520","psychological",24,0.486666666666667,0.5925,0.37875
"521","public",18,0.276666666666667,0.401680555555555,0.166097222222222
"522","pure",17,0.581764705882353,0.707661764705882,0.453514705882353
"523","quaint",23,0.674782608695652,0.748695652173913,0.596521739130435
"524","qualified",19,0.597368421052632,0.718960526315789,0.467894736842105
"525","quality",19,0.678947368421053,0.765802631578947,0.578407894736842
"526","quick",17,0.54,0.620588235294118,0.455279411764706
"527","quiet",23,0.448260869565217,0.561304347826087,0.334771739130435
"528","radical",19,0.665263157894737,0.758421052631579,0.567894736842105
"529","random",21,0.616190476190476,0.732857142857143,0.486666666666667
"530","rapid",22,0.513181818181818,0.615909090909091,0.404079545454545
"531","real",34,0.355588235294118,0.455595588235294,0.262639705882353
"532","rear",19,0.312631578947368,0.456855263157895,0.181578947368421
"533","recent",21,0.475714285714286,0.59952380952381,0.35475
"534","red",15,0.208,0.357333333333333,0.0813333333333333
"535","regional",16,0.396875,0.549375,0.261234375
"536","regular",23,0.494347826086957,0.616521739130435,0.37304347826087
"537","regulatory",24,0.384583333333333,0.485,0.2925
"538","related",18,0.392777777777778,0.516111111111111,0.275555555555556
"539","relevant",25,0.5624,0.6512,0.4692
"540","religious",20,0.61,0.7280125,0.486
"541","remaining",28,0.339285714285714,0.458214285714286,0.227133928571429
"542","renal",24,0.27625,0.387083333333333,0.171666666666667
"543","Republican",26,0.236153846153846,0.329615384615385,0.154615384615385
"544","reserved",18,0.482777777777778,0.582777777777778,0.378888888888889
"545","residential",24,0.27625,0.365416666666667,0.191666666666667
"546","resilient",18,0.66,0.740555555555556,0.575
"547","rich",18,0.595,0.709458333333333,0.471097222222222
"548","right",17,0.577058823529412,0.72060294117647,0.424705882352941
"549","Roman",26,0.272307692307692,0.405,0.153846153846154
"550","romantic",21,0.823333333333333,0.875714285714286,0.769047619047619
"551","round",21,0.297142857142857,0.425714285714286,0.178083333333333
"552","royal",25,0.4668,0.57961,0.3608
"553","rude",19,0.692105263157895,0.795263157894737,0.575263157894737
"554","rural",24,0.274583333333333,0.367083333333333,0.18875
"555","Russian",35,0.253428571428571,0.356578571428571,0.15885
"556","sacred",16,0.705625,0.821875,0.579375
"557","same",24,0.390833333333333,0.51584375,0.273333333333333
"558","satisfactory",20,0.682,0.793,0.565
"559","scant",21,0.618095238095238,0.714285714285714,0.516190476190476
"560","schizophrenic",23,0.328695652173913,0.442619565217391,0.223032608695652
"561","scientific",20,0.328,0.4295,0.2285
"562","Scottish",22,0.185909090909091,0.295,0.0931704545454546
"563","scratchy",23,0.660869565217391,0.739130434782609,0.576086956521739
"564","select",14,0.391428571428571,0.537142857142857,0.257142857142857
"565","self",18,0.467222222222222,0.592222222222222,0.341666666666667
"566","senatorial",23,0.403478260869565,0.516086956521739,0.292163043478261
"567","senior",18,0.335555555555556,0.451666666666667,0.222777777777778
"568","sensible",20,0.7535,0.828,0.6765
"569","sensitive",22,0.684090909090909,0.780909090909091,0.577727272727273
"570","serious",20,0.6355,0.7495,0.5115
"571","several",16,0.519375,0.64875,0.388125
"572","severe",23,0.743913043478261,0.814358695652174,0.672608695652174
"573","sexual",21,0.670952380952381,0.777619047619048,0.56047619047619
"574","Shakespearean",17,0.522941176470588,0.664705882352941,0.378235294117647
"575","sharp",19,0.465263157894737,0.576315789473684,0.357894736842105
"576","Shiite",15,0.322666666666667,0.518666666666667,0.144666666666667
"577","short",19,0.542105263157895,0.654736842105263,0.425776315789474
"578","shrill",19,0.638421052631579,0.716842105263158,0.561578947368421
"579","shy",22,0.632272727272727,0.717272727272727,0.538181818181818
"580","Sicilian",18,0.207777777777778,0.319444444444444,0.113888888888889
"581","sick",15,0.522,0.651333333333333,0.392
"582","significant",21,0.668571428571429,0.764773809523809,0.563333333333333
"583","silent",17,0.288823529411765,0.415882352941176,0.17
"584","silky",10,0.268,0.395,0.153
"585","similar",19,0.636842105263158,0.723684210526316,0.548421052631579
"586","simple",17,0.675882352941176,0.774117647058823,0.564705882352941
"587","simultaneous",24,0.28,0.400010416666667,0.171666666666667
"588","single",23,0.276086956521739,0.39304347826087,0.166086956521739
"589","sleek",23,0.551304347826087,0.646086956521739,0.449554347826087
"590","slimy",28,0.470714285714286,0.568223214285714,0.3710625
"591","slow",19,0.59,0.707368421052632,0.465263157894737
"592","small",18,0.577222222222222,0.701111111111111,0.446111111111111
"593","smart",23,0.700434782608696,0.78175,0.613913043478261
"594","smooth",14,0.496428571428571,0.623571428571429,0.365696428571429
"595","social",18,0.655555555555556,0.744444444444444,0.561111111111111
"596","societal",15,0.473333333333333,0.593333333333333,0.352666666666667
"597","soft",14,0.751428571428571,0.84,0.655
"598","solar",20,0.153,0.267,0.0644875
"599","sophisticated",16,0.709375,0.818765625,0.578109375
"600","sound",27,0.426666666666667,0.540740740740741,0.311851851851852
"601","south",14,0.25,0.398571428571429,0.117142857142857
"602","southwestern",17,0.381764705882353,0.537647058823529,0.239985294117647
"603","Soviet",20,0.3565,0.5135,0.2075
"604","Spanish",16,0.184375,0.28875,0.09
"605","speaking",27,0.264814814814815,0.374453703703704,0.164814814814815
"606","special",23,0.815652173913043,0.886521739130435,0.734782608695652
"607","specific",26,0.297692307692308,0.411153846153846,0.192307692307692
"608","spiritual",18,0.730555555555556,0.807222222222222,0.651111111111111
"609","spontaneous",20,0.559,0.6595,0.4495
"610","square",15,0.202,0.334683333333333,0.0886666666666667
"611","stale",23,0.359565217391304,0.448695652173913,0.269989130434783
"612","standard",17,0.511764705882353,0.645882352941176,0.377058823529412
"613","standing",18,0.265555555555556,0.398333333333333,0.145555555555556
"614","starched",13,0.433846153846154,0.579230769230769,0.283057692307692
"615","statistical",15,0.23,0.392666666666667,0.0846666666666667
"616","still",26,0.436153846153846,0.555769230769231,0.320384615384615
"617","strategic",16,0.51875,0.648125,0.383125
"618","stray",26,0.488076923076923,0.587692307692308,0.388076923076923
"619","strict",23,0.667391304347826,0.763489130434783,0.564336956521739
"620","strong",29,0.631034482758621,0.709663793103448,0.548965517241379
"621","structural",16,0.3675,0.511875,0.234375
"622","stylistic",22,0.682272727272727,0.789545454545455,0.567272727272727
"623","subsequent",21,0.377142857142857,0.455714285714286,0.295238095238095
"624","substantial",19,0.658421052631579,0.768421052631579,0.54525
"625","substantive",19,0.564210526315789,0.649486842105263,0.473157894736842
"626","suburban",16,0.37,0.425,0.3175
"627","successful",16,0.7275,0.841875,0.6
"628","such",23,0.49695652173913,0.604782608695652,0.388260869565217
"629","sudden",26,0.471923076923077,0.582317307692307,0.359230769230769
"630","sufficient",17,0.687647058823529,0.791176470588235,0.580588235294118
"631","Sunni",18,0.173333333333333,0.273347222222222,0.0827777777777778
"632","sunny",22,0.380909090909091,0.513636363636364,0.261818181818182
"633","superb",21,0.813809523809524,0.887142857142857,0.730476190476191
"634","sweet",22,0.763636363636364,0.836818181818182,0.681818181818182
"635","syntactic",25,0.3268,0.426,0.22799
"636","tactical",17,0.478235294117647,0.567647058823529,0.381764705882353
"637","talented",23,0.693478260869565,0.782173913043478,0.594347826086956
"638","tall",21,0.582380952380952,0.703809523809524,0.458571428571429
"639","technical",23,0.39695652173913,0.53,0.266945652173913
"640","technological",18,0.302777777777778,0.428888888888889,0.191111111111111
"641","temporary",21,0.49047619047619,0.583333333333333,0.395714285714286
"642","terrible",17,0.752941176470588,0.861764705882353,0.620588235294118
"643","territorial",16,0.535625,0.630625,0.42375
"644","terrorist",26,0.42,0.525384615384615,0.317692307692308
"645","Thai",27,0.203333333333333,0.298888888888889,0.117777777777778
"646","thematic",12,0.609166666666667,0.771666666666667,0.43
"647","thin",22,0.537272727272727,0.639545454545455,0.435454545454545
"648","thorough",24,0.58375,0.681666666666667,0.47540625
"649","tight",23,0.575652173913043,0.675217391304348,0.470869565217391
"650","tiny",24,0.454166666666667,0.562083333333333,0.345416666666667
"651","tired",20,0.548,0.656,0.4375
"652","top",21,0.236666666666667,0.352869047619047,0.133333333333333
"653","total",23,0.370434782608696,0.508695652173913,0.237391304347826
"654","traditional",23,0.636521739130435,0.728695652173913,0.541739130434783
"655","tragic",25,0.712,0.80801,0.6048
"656","translucent",16,0.2875,0.434375,0.159375
"657","tremendous",22,0.750454545454545,0.838636363636364,0.653636363636364
"658","tricky",24,0.706666666666667,0.79709375,0.60875
"659","tripartite",28,0.323928571428571,0.405357142857143,0.240348214285714
"660","tropical",24,0.32625,0.447510416666667,0.217083333333333
"661","troubled",11,0.709090909090909,0.824545454545455,0.576363636363636
"662","twisted",23,0.556086956521739,0.68304347826087,0.428695652173913
"663","typical",16,0.6425,0.7425,0.534375
"664","ulterior",23,0.539130434782609,0.654782608695652,0.417826086956522
"665","unbelievable",17,0.736470588235294,0.839411764705882,0.615882352941176
"666","uncut",31,0.276129032258065,0.361943548387097,0.194838709677419
"667","unexpected",19,0.625789473684211,0.735789473684211,0.51
"668","uninterrupted",25,0.3412,0.442,0.2448
"669","unique",19,0.730526315789474,0.825789473684211,0.613144736842105
"670","universal",15,0.355333333333333,0.526666666666667,0.20265
"671","unknown",19,0.53578947368421,0.650526315789474,0.411578947368421
"672","unlawful",24,0.36125,0.489177083333333,0.24125
"673","unnamed",18,0.224444444444444,0.321125,0.133888888888889
"674","unpleasant",26,0.748846153846154,0.819615384615385,0.674221153846154
"675","unpretentious",17,0.615882352941176,0.722352941176471,0.502352941176471
"676","untidy",21,0.644285714285714,0.739059523809524,0.536178571428572
"677","unusual",24,0.6925,0.777927083333333,0.601666666666667
"678","unwanted",12,0.595833333333333,0.736666666666667,0.445833333333333
"679","upcoming",20,0.3915,0.5455,0.2445
"680","upper",19,0.285263157894737,0.4,0.175789473684211
"681","upscale",16,0.658125,0.7675,0.546875
"682","urban",18,0.442777777777778,0.570013888888889,0.319444444444444
"683","urgent",15,0.509333333333333,0.64,0.373333333333333
"684","useful",27,0.767777777777778,0.837046296296296,0.69037037037037
"685","useless",26,0.73,0.806923076923077,0.651153846153846
"686","usual",19,0.603684210526316,0.704736842105263,0.499473684210526
"687","vacant",30,0.292666666666667,0.397683333333333,0.2
"688","various",23,0.521304347826087,0.647826086956522,0.390434782608696
"689","vast",23,0.606086956521739,0.71175,0.493913043478261
"690","vaunted",20,0.633,0.7205,0.545
"691","vegan",23,0.22695652173913,0.331315217391304,0.132608695652174
"692","vegetarian",28,0.255357142857143,0.361080357142857,0.160357142857143
"693","verbal",22,0.306818181818182,0.417738636363636,0.200454545454545
"694","veritable",22,0.568181818181818,0.673636363636364,0.457272727272727
"695","vertical",23,0.155652173913043,0.256521739130435,0.0726086956521739
"696","vested",23,0.442173913043478,0.540869565217391,0.343478260869565
"697","vibrant",14,0.577142857142857,0.687142857142857,0.459267857142857
"698","vicious",21,0.652380952380952,0.731904761904762,0.558095238095238
"699","Victorian",29,0.455862068965517,0.578965517241379,0.336551724137931
"700","Vietnamese",21,0.128571428571429,0.235238095238095,0.0528571428571429
"701","virtual",21,0.41047619047619,0.519535714285714,0.29952380952381
"702","virtuous",26,0.71,0.782317307692308,0.635
"703","visual",36,0.3925,0.481666666666667,0.304444444444444
"704","vital",20,0.5545,0.66,0.4435
"705","vivid",20,0.632,0.7655,0.4995
"706","vulnerable",28,0.678214285714286,0.755357142857143,0.594285714285714
"707","warm",15,0.707333333333333,0.791333333333333,0.612
"708","waterproof",19,0.166842105263158,0.299473684210526,0.0621052631578947
"709","wealthy",17,0.522352941176471,0.655897058823529,0.386470588235294
"710","weary",28,0.636428571428571,0.724642857142857,0.546428571428571
"711","western",17,0.35,0.483529411764706,0.215294117647059
"712","wet",24,0.187083333333333,0.288760416666667,0.0983333333333333
"713","whiskered",29,0.369310344827586,0.485870689655172,0.255853448275862
"714","white",22,0.227272727272727,0.339090909090909,0.126818181818182
"715","whole",26,0.255769230769231,0.374615384615385,0.152692307692308
"716","wide",24,0.61125,0.705416666666667,0.515416666666667
"717","widespread",13,0.503076923076923,0.634634615384615,0.376153846153846
"718","wild",19,0.663684210526316,0.757894736842105,0.563684210526316
"719","wireless",18,0.27,0.425,0.130555555555556
"720","wizarding",18,0.558888888888889,0.702791666666666,0.411666666666667
"721","wonderful",21,0.827619047619048,0.904285714285714,0.730476190476191
"722","wooden",24,0.23375,0.355,0.125833333333333
"723","worldwide",22,0.299090909090909,0.432284090909091,0.180909090909091
"724","wrong",20,0.7035,0.785,0.6145
"725","yellow",27,0.210740740740741,0.323712962962963,0.11037037037037
"726","young",21,0.563809523809524,0.671916666666666,0.448571428571429
"727","youthful",16,0.618125,0.7375,0.485
